	Domain	Phylum	Class	Order	Family	Genus	Species
322904 [Ruminococcus] gnavus	Bacteria	Firmicutes	Clostridia	Clostridiales	Lachnospiraceae	[Ruminococcus]	[Ruminococcus] gnavus
2169466 Bacteroides ovatus	Bacteria	Bacteroidetes	Bacteroidia	Bacteroidales	Bacteroidaceae	Bacteroides	Bacteroides ovatus
268463 Bartonella washoensis	Bacteria	Proteobacteria	Alphaproteobacteria	Rhizobiales	Bartonellaceae	Bartonella	Bartonella washoensis
198054 [Eubacterium] dolichum	Bacteria	Firmicutes	Erysipelotrichi	Erysipelotrichales	Erysipelotrichaceae	[Eubacterium]	[Eubacterium] dolichum
944672 Enterobacter ludwigii	Bacteria	Proteobacteria	Gammaproteobacteria	Enterobacteriales	Enterobacteriaceae	Enterobacter	Enterobacter ludwigii
266186 Bacillus endophyticus	Bacteria	Firmicutes	Bacilli	Bacillales	Bacillaceae	Bacillus	Bacillus endophyticus
273232 Akkermansia muciniphila	Bacteria	Verrucomicrobia	Verrucomicrobiae	Verrucomicrobiales	Verrucomicrobiaceae	Akkermansia	Akkermansia muciniphila
174419 Coprococcus eutactus	Bacteria	Firmicutes	Clostridia	Clostridiales	Lachnospiraceae	Coprococcus	Coprococcus eutactus
274491 [Ruminococcus] gnavus	Bacteria	Firmicutes	Clostridia	Clostridiales	Lachnospiraceae	[Ruminococcus]	[Ruminococcus] gnavus
339092 [Ruminococcus] gnavus	Bacteria	Firmicutes	Clostridia	Clostridiales	Lachnospiraceae	[Ruminococcus]	[Ruminococcus] gnavus
2748889 Veillonella dispar	Bacteria	Firmicutes	Clostridia	Clostridiales	Veillonellaceae	Veillonella	Veillonella dispar
267335 [Ruminococcus] gnavus	Bacteria	Firmicutes	Clostridia	Clostridiales	Lachnospiraceae	[Ruminococcus]	[Ruminococcus] gnavus
422910 Simplicispira limi	Bacteria	Proteobacteria	Betaproteobacteria	Burkholderiales	Comamonadaceae	Simplicispira	Simplicispira limi
271782 Alloactinosynnema alba	Bacteria	Actinobacteria	Actinobacteria	Actinomycetales	Actinosynnemataceae	Alloactinosynnema	Alloactinosynnema alba
348772 [Ruminococcus] gnavus	Bacteria	Firmicutes	Clostridia	Clostridiales	Lachnospiraceae	[Ruminococcus]	[Ruminococcus] gnavus
208861 Faecalibacterium prausnitzii	Bacteria	Firmicutes	Clostridia	Clostridiales	Ruminococcaceae	Faecalibacterium	Faecalibacterium prausnitzii
195444 [Ruminococcus] gnavus	Bacteria	Firmicutes	Clostridia	Clostridiales	Lachnospiraceae	[Ruminococcus]	[Ruminococcus] gnavus
278643 Stenotrophomonas maltophilia	Bacteria	Proteobacteria	Gammaproteobacteria	Xanthomonadales	Xanthomonadaceae	Stenotrophomonas	Stenotrophomonas maltophilia
233509 Pseudomonas stutzeri	Bacteria	Proteobacteria	Gammaproteobacteria	Pseudomonadales	Pseudomonadaceae	Pseudomonas	Pseudomonas stutzeri
4436187 Stenotrophomonas rhizophila	Bacteria	Proteobacteria	Gammaproteobacteria	Xanthomonadales	Xanthomonadaceae	Stenotrophomonas	Stenotrophomonas rhizophila
344398 Bacteroides plebeius	Bacteria	Bacteroidetes	Bacteroidia	Bacteroidales	Bacteroidaceae	Bacteroides	Bacteroides plebeius
173738 Cetobacterium somerae	Bacteria	Fusobacteria	Fusobacteriia	Fusobacteriales	Fusobacteriaceae	Cetobacterium	Cetobacterium somerae
1127719 Oceaniserpentilla haliotis	Bacteria	Proteobacteria	Gammaproteobacteria	Oceanospirillales	Oceanospirillaceae	Oceaniserpentilla	Oceaniserpentilla haliotis
189284 Prevotella copri	Bacteria	Bacteroidetes	Bacteroidia	Bacteroidales	Prevotellaceae	Prevotella	Prevotella copri
340525 [Clostridium] glycolicum	Bacteria	Firmicutes	Clostridia	Clostridiales	Peptostreptococcaceae	[Clostridium]	[Clostridium] glycolicum
342403 Ruminococcus flavefaciens	Bacteria	Firmicutes	Clostridia	Clostridiales	Ruminococcaceae	Ruminococcus	Ruminococcus flavefaciens
174666 Arthrobacter oxydans	Bacteria	Actinobacteria	Actinobacteria	Actinomycetales	Micrococcaceae	Arthrobacter	Arthrobacter oxydans
258745 Microbacterium aurum	Bacteria	Actinobacteria	Actinobacteria	Actinomycetales	Microbacteriaceae	Microbacterium	Microbacterium aurum
175411 Faecalibacterium prausnitzii	Bacteria	Firmicutes	Clostridia	Clostridiales	Ruminococcaceae	Faecalibacterium	Faecalibacterium prausnitzii
347156 Acinetobacter johnsonii	Bacteria	Proteobacteria	Gammaproteobacteria	Pseudomonadales	Moraxellaceae	Acinetobacter	Acinetobacter johnsonii
167717 Plesiomonas shigelloides	Bacteria	Proteobacteria	Gammaproteobacteria	Enterobacteriales	Enterobacteriaceae	Plesiomonas	Plesiomonas shigelloides
4348778 Anoxybacillus kestanbolensis	Bacteria	Firmicutes	Bacilli	Bacillales	Bacillaceae	Anoxybacillus	Anoxybacillus kestanbolensis
168116 Xenorhabdus kozodoii	Bacteria	Proteobacteria	Gammaproteobacteria	Enterobacteriales	Enterobacteriaceae	Xenorhabdus	Xenorhabdus kozodoii
268395 Dietzia timorensis	Bacteria	Actinobacteria	Actinobacteria	Actinomycetales	Dietziaceae	Dietzia	Dietzia timorensis
342072 Sphingobium xenophagum	Bacteria	Proteobacteria	Alphaproteobacteria	Sphingomonadales	Sphingomonadaceae	Sphingobium	Sphingobium xenophagum
261798 Oscillatoria spongeliae	Bacteria	Cyanobacteria	Oscillatoriophycideae	Oscillatoriales	Phormidiaceae	Oscillatoria	Oscillatoria spongeliae
303076 [Ruminococcus] gnavus	Bacteria	Firmicutes	Clostridia	Clostridiales	Lachnospiraceae	[Ruminococcus]	[Ruminococcus] gnavus
350391 Acinetobacter johnsonii	Bacteria	Proteobacteria	Gammaproteobacteria	Pseudomonadales	Moraxellaceae	Acinetobacter	Acinetobacter johnsonii
4357324 Asticcacaulis biprosthecium	Bacteria	Proteobacteria	Alphaproteobacteria	Caulobacterales	Caulobacteraceae	Asticcacaulis	Asticcacaulis biprosthecium
4348519 Akkermansia muciniphila	Bacteria	Verrucomicrobia	Verrucomicrobiae	Verrucomicrobiales	Verrucomicrobiaceae	Akkermansia	Akkermansia muciniphila
340644 Desulfovibrio mexicanus	Bacteria	Proteobacteria	Deltaproteobacteria	Desulfovibrionales	Desulfovibrionaceae	Desulfovibrio	Desulfovibrio mexicanus
196664 Bacteroides uniformis	Bacteria	Bacteroidetes	Bacteroidia	Bacteroidales	Bacteroidaceae	Bacteroides	Bacteroides uniformis
195421 [Ruminococcus] gnavus	Bacteria	Firmicutes	Clostridia	Clostridiales	Lachnospiraceae	[Ruminococcus]	[Ruminococcus] gnavus
158494 Bacteroides barnesiae	Bacteria	Bacteroidetes	Bacteroidia	Bacteroidales	Bacteroidaceae	Bacteroides	Bacteroides barnesiae
4401405 Xanthomonas campestris	Bacteria	Proteobacteria	Gammaproteobacteria	Xanthomonadales	Xanthomonadaceae	Xanthomonas	Xanthomonas campestris
176858 [Ruminococcus] gnavus	Bacteria	Firmicutes	Clostridia	Clostridiales	Lachnospiraceae	[Ruminococcus]	[Ruminococcus] gnavus
249229 Desulfovibrio mexicanus	Bacteria	Proteobacteria	Deltaproteobacteria	Desulfovibrionales	Desulfovibrionaceae	Desulfovibrio	Desulfovibrio mexicanus
268628 Brachymonas denitrificans	Bacteria	Proteobacteria	Betaproteobacteria	Burkholderiales	Comamonadaceae	Brachymonas	Brachymonas denitrificans
184536 [Ruminococcus] gnavus	Bacteria	Firmicutes	Clostridia	Clostridiales	Lachnospiraceae	[Ruminococcus]	[Ruminococcus] gnavus
192680 Lactobacillus ruminis	Bacteria	Firmicutes	Bacilli	Lactobacillales	Lactobacillaceae	Lactobacillus	Lactobacillus ruminis
824875 Microbacterium chocolatum	Bacteria	Actinobacteria	Actinobacteria	Actinomycetales	Microbacteriaceae	Microbacterium	Microbacterium chocolatum
372096 Staphylococcus epidermidis	Bacteria	Firmicutes	Bacilli	Bacillales	Staphylococcaceae	Staphylococcus	Staphylococcus epidermidis
259781 [Ruminococcus] gnavus	Bacteria	Firmicutes	Clostridia	Clostridiales	Lachnospiraceae	[Ruminococcus]	[Ruminococcus] gnavus
194273 [Eubacterium] biforme	Bacteria	Firmicutes	Erysipelotrichi	Erysipelotrichales	Erysipelotrichaceae	[Eubacterium]	[Eubacterium] biforme
214827 Novosphingobium capsulatum	Bacteria	Proteobacteria	Alphaproteobacteria	Sphingomonadales	Sphingomonadaceae	Novosphingobium	Novosphingobium capsulatum
285908 Janthinobacterium lividum	Bacteria	Proteobacteria	Betaproteobacteria	Burkholderiales	Oxalobacteraceae	Janthinobacterium	Janthinobacterium lividum
316549 Bacteroides uniformis	Bacteria	Bacteroidetes	Bacteroidia	Bacteroidales	Bacteroidaceae	Bacteroides	Bacteroides uniformis
188090 [Ruminococcus] gnavus	Bacteria	Firmicutes	Clostridia	Clostridiales	Lachnospiraceae	[Ruminococcus]	[Ruminococcus] gnavus
184897 Faecalibacterium prausnitzii	Bacteria	Firmicutes	Clostridia	Clostridiales	Ruminococcaceae	Faecalibacterium	Faecalibacterium prausnitzii
273601 Burkholderia gladioli	Bacteria	Proteobacteria	Betaproteobacteria	Burkholderiales	Burkholderiaceae	Burkholderia	Burkholderia gladioli
191319 Prevotella copri	Bacteria	Bacteroidetes	Bacteroidia	Bacteroidales	Prevotellaceae	Prevotella	Prevotella copri
198690 [Ruminococcus] gnavus	Bacteria	Firmicutes	Clostridia	Clostridiales	Lachnospiraceae	[Ruminococcus]	[Ruminococcus] gnavus
3392853 [Ruminococcus] gnavus	Bacteria	Firmicutes	Clostridia	Clostridiales	Lachnospiraceae	[Ruminococcus]	[Ruminococcus] gnavus
290799 Bacillus cereus	Bacteria	Firmicutes	Bacilli	Bacillales	Bacillaceae	Bacillus	Bacillus cereus
193675 Sinorhizobium terangae	Bacteria	Proteobacteria	Alphaproteobacteria	Rhizobiales	Rhizobiaceae	Sinorhizobium	Sinorhizobium terangae
593810 Lactobacillus reuteri	Bacteria	Firmicutes	Bacilli	Lactobacillales	Lactobacillaceae	Lactobacillus	Lactobacillus reuteri
97245 Actinomadura vinacea	Bacteria	Actinobacteria	Actinobacteria	Actinomycetales	Thermomonosporaceae	Actinomadura	Actinomadura vinacea
463449 Corynebacterium aurimucosum	Bacteria	Actinobacteria	Actinobacteria	Actinomycetales	Corynebacteriaceae	Corynebacterium	Corynebacterium aurimucosum
1571244 Anoxybacillus kestanbolensis	Bacteria	Firmicutes	Bacilli	Bacillales	Bacillaceae	Anoxybacillus	Anoxybacillus kestanbolensis
364334 Akkermansia muciniphila	Bacteria	Verrucomicrobia	Verrucomicrobiae	Verrucomicrobiales	Verrucomicrobiaceae	Akkermansia	Akkermansia muciniphila
207582 Faecalibacterium prausnitzii	Bacteria	Firmicutes	Clostridia	Clostridiales	Ruminococcaceae	Faecalibacterium	Faecalibacterium prausnitzii
263138 [Ruminococcus] gnavus	Bacteria	Firmicutes	Clostridia	Clostridiales	Lachnospiraceae	[Ruminococcus]	[Ruminococcus] gnavus
2168897 Lactobacillus salivarius	Bacteria	Firmicutes	Bacilli	Lactobacillales	Lactobacillaceae	Lactobacillus	Lactobacillus salivarius
258659 Desulfosporosinus meridiei	Bacteria	Firmicutes	Clostridia	Clostridiales	Peptococcaceae	Desulfosporosinus	Desulfosporosinus meridiei
260529 [Ruminococcus] gnavus	Bacteria	Firmicutes	Clostridia	Clostridiales	Lachnospiraceae	[Ruminococcus]	[Ruminococcus] gnavus
173845 Streptomyces ahygroscopicus	Bacteria	Actinobacteria	Actinobacteria	Actinomycetales	Streptomycetaceae	Streptomyces	Streptomyces ahygroscopicus
131391 Bifidobacterium pseudolongum	Bacteria	Actinobacteria	Actinobacteria	Bifidobacteriales	Bifidobacteriaceae	Bifidobacterium	Bifidobacterium pseudolongum
170998 Staphylococcus sciuri	Bacteria	Firmicutes	Bacilli	Bacillales	Staphylococcaceae	Staphylococcus	Staphylococcus sciuri
344525 Bacteroides eggerthii	Bacteria	Bacteroidetes	Bacteroidia	Bacteroidales	Bacteroidaceae	Bacteroides	Bacteroides eggerthii
271191 [Ruminococcus] gnavus	Bacteria	Firmicutes	Clostridia	Clostridiales	Lachnospiraceae	[Ruminococcus]	[Ruminococcus] gnavus
356403 Clostridium hiranonis	Bacteria	Firmicutes	Clostridia	Clostridiales	Clostridiaceae	Clostridium	Clostridium hiranonis
301584 Fibrobacter succinogenes	Bacteria	Fibrobacteres	Fibrobacteria	Fibrobacterales	Fibrobacteraceae	Fibrobacter	Fibrobacter succinogenes
174066 [Eubacterium] biforme	Bacteria	Firmicutes	Erysipelotrichi	Erysipelotrichales	Erysipelotrichaceae	[Eubacterium]	[Eubacterium] biforme
35880 Pseudomonas veronii	Bacteria	Proteobacteria	Gammaproteobacteria	Pseudomonadales	Pseudomonadaceae	Pseudomonas	Pseudomonas veronii
318047 Lactobacillus reuteri	Bacteria	Firmicutes	Bacilli	Lactobacillales	Lactobacillaceae	Lactobacillus	Lactobacillus reuteri
1833543 Bacteroides ovatus	Bacteria	Bacteroidetes	Bacteroidia	Bacteroidales	Bacteroidaceae	Bacteroides	Bacteroides ovatus
328755 Pleomorphomonas oryzae	Bacteria	Proteobacteria	Alphaproteobacteria	Rhizobiales	Methylocystaceae	Pleomorphomonas	Pleomorphomonas oryzae
319214 [Ruminococcus] gnavus	Bacteria	Firmicutes	Clostridia	Clostridiales	Lachnospiraceae	[Ruminococcus]	[Ruminococcus] gnavus
340133 Acinetobacter johnsonii	Bacteria	Proteobacteria	Gammaproteobacteria	Pseudomonadales	Moraxellaceae	Acinetobacter	Acinetobacter johnsonii
4462474 Paracoccus zeaxanthinifaciens	Bacteria	Proteobacteria	Alphaproteobacteria	Rhodobacterales	Rhodobacteraceae	Paracoccus	Paracoccus zeaxanthinifaciens
4440404 Neisseria cinerea	Bacteria	Proteobacteria	Betaproteobacteria	Neisseriales	Neisseriaceae	Neisseria	Neisseria cinerea
166292 Plesiomonas shigelloides	Bacteria	Proteobacteria	Gammaproteobacteria	Enterobacteriales	Enterobacteriaceae	Plesiomonas	Plesiomonas shigelloides
308224 [Ruminococcus] gnavus	Bacteria	Firmicutes	Clostridia	Clostridiales	Lachnospiraceae	[Ruminococcus]	[Ruminococcus] gnavus
263193 Pseudomonas pseudoalcaligenes	Bacteria	Proteobacteria	Gammaproteobacteria	Pseudomonadales	Pseudomonadaceae	Pseudomonas	Pseudomonas pseudoalcaligenes
219149 Staphylococcus sciuri	Bacteria	Firmicutes	Bacilli	Bacillales	Staphylococcaceae	Staphylococcus	Staphylococcus sciuri
355262 Bacteroides ovatus	Bacteria	Bacteroidetes	Bacteroidia	Bacteroidales	Bacteroidaceae	Bacteroides	Bacteroides ovatus
4341595 Listeria monocytogenes	Bacteria	Firmicutes	Bacilli	Bacillales	Listeriaceae	Listeria	Listeria monocytogenes
264702 Bacillus flexus	Bacteria	Firmicutes	Bacilli	Bacillales	Bacillaceae	Bacillus	Bacillus flexus
195474 Lysinibacillus boronitolerans	Bacteria	Firmicutes	Bacilli	Bacillales	Planococcaceae	Lysinibacillus	Lysinibacillus boronitolerans
2730947 Bacteroides barnesiae	Bacteria	Bacteroidetes	Bacteroidia	Bacteroidales	Bacteroidaceae	Bacteroides	Bacteroides barnesiae
3401807 [Ruminococcus] gnavus	Bacteria	Firmicutes	Clostridia	Clostridiales	Lachnospiraceae	[Ruminococcus]	[Ruminococcus] gnavus
208399 Trabulsiella farmeri	Bacteria	Proteobacteria	Gammaproteobacteria	Enterobacteriales	Enterobacteriaceae	Trabulsiella	Trabulsiella farmeri
259985 Methylibium petroleiphilum	Bacteria	Proteobacteria	Betaproteobacteria	Burkholderiales	Comamonadaceae	Methylibium	Methylibium petroleiphilum
549754 Actinomadura vinacea	Bacteria	Actinobacteria	Actinobacteria	Actinomycetales	Thermomonosporaceae	Actinomadura	Actinomadura vinacea
975413 Propionibacterium acnes	Bacteria	Actinobacteria	Actinobacteria	Actinomycetales	Propionibacteriaceae	Propionibacterium	Propionibacterium acnes
3696710 Blautia producta	Bacteria	Firmicutes	Clostridia	Clostridiales	Lachnospiraceae	Blautia	Blautia producta
214234 Faecalibacterium prausnitzii	Bacteria	Firmicutes	Clostridia	Clostridiales	Ruminococcaceae	Faecalibacterium	Faecalibacterium prausnitzii
3245667 Vitis vinifera	Bacteria	Proteobacteria	Alphaproteobacteria	Rickettsiales	mitochondria	Vitis	Vitis vinifera
338916 Rhizobium giardinii	Bacteria	Proteobacteria	Alphaproteobacteria	Rhizobiales	Rhizobiaceae	Rhizobium	Rhizobium giardinii
338852 Lactobacillus reuteri	Bacteria	Firmicutes	Bacilli	Lactobacillales	Lactobacillaceae	Lactobacillus	Lactobacillus reuteri
1059977 Streptococcus agalactiae	Bacteria	Firmicutes	Bacilli	Lactobacillales	Streptococcaceae	Streptococcus	Streptococcus agalactiae
164066 Staphylococcus sciuri	Bacteria	Firmicutes	Bacilli	Bacillales	Staphylococcaceae	Staphylococcus	Staphylococcus sciuri
258553 Candidatus Methylacidiphilum	Bacteria	Verrucomicrobia	[Methylacidiphilae]	Methylacidiphilales	Methylacidiphilaceae	Candidatus	Methylacidiphilum	Methylacidiphilum infernorum
204086 Nocardiopsis lucentensis	Bacteria	Actinobacteria	Actinobacteria	Actinomycetales	Nocardiopsaceae	Nocardiopsis	Nocardiopsis lucentensis
2429140 Sphingomonas wittichii	Bacteria	Proteobacteria	Alphaproteobacteria	Sphingomonadales	Sphingomonadaceae	Sphingomonas	Sphingomonas wittichii
313305 Leptospirillum ferrodiazotrophum	Bacteria	Nitrospirae	Nitrospira	Nitrospirales	[Leptospirillaceae]	Leptospirillum	Leptospirillum ferrodiazotrophum
353340 Bradyrhizobium elkanii	Bacteria	Proteobacteria	Alphaproteobacteria	Rhizobiales	Bradyrhizobiaceae	Bradyrhizobium	Bradyrhizobium elkanii
263449 Erwinia chrysanthemi	Bacteria	Proteobacteria	Gammaproteobacteria	Enterobacteriales	Enterobacteriaceae	Erwinia	Erwinia chrysanthemi
276567 Staphylococcus equorum	Bacteria	Firmicutes	Bacilli	Bacillales	Staphylococcaceae	Staphylococcus	Staphylococcus equorum
269774 Psychrobacter pulmonis	Bacteria	Proteobacteria	Gammaproteobacteria	Pseudomonadales	Moraxellaceae	Psychrobacter	Psychrobacter pulmonis
311039 Microbacterium maritypicum	Bacteria	Actinobacteria	Actinobacteria	Actinomycetales	Microbacteriaceae	Microbacterium	Microbacterium maritypicum
4423978 Weissella oryzae	Bacteria	Firmicutes	Bacilli	Lactobacillales	Leuconostocaceae	Weissella	Weissella oryzae
1096270 Staphylococcus aureus	Bacteria	Firmicutes	Bacilli	Bacillales	Staphylococcaceae	Staphylococcus	Staphylococcus aureus
336731 Cupriavidus gilardii	Bacteria	Proteobacteria	Betaproteobacteria	Burkholderiales	Oxalobacteraceae	Cupriavidus	Cupriavidus gilardii
273776 [Ruminococcus] gnavus	Bacteria	Firmicutes	Clostridia	Clostridiales	Lachnospiraceae	[Ruminococcus]	[Ruminococcus] gnavus
4457603 Dorea formicigenerans	Bacteria	Firmicutes	Clostridia	Clostridiales	Lachnospiraceae	Dorea	Dorea formicigenerans
4432437 Catenuloplanes indicus	Bacteria	Actinobacteria	Actinobacteria	Actinomycetales	Micromonosporaceae	Catenuloplanes	Catenuloplanes indicus
867346 Haemophilus parainfluenzae	Bacteria	Proteobacteria	Gammaproteobacteria	Pasteurellales	Pasteurellaceae	Haemophilus	Haemophilus parainfluenzae
194689 Streptomyces netropsis	Bacteria	Actinobacteria	Actinobacteria	Actinomycetales	Streptomycetaceae	Streptomyces	Streptomyces netropsis
2704718 Gloeocapsopsis crepidinum	Bacteria	Cyanobacteria	Oscillatoriophycideae	Chroococcales	Xenococcaceae	Gloeocapsopsis	Gloeocapsopsis crepidinum
196488 Faecalibacterium prausnitzii	Bacteria	Firmicutes	Clostridia	Clostridiales	Ruminococcaceae	Faecalibacterium	Faecalibacterium prausnitzii
428705 Staphylococcus equorum	Bacteria	Firmicutes	Bacilli	Bacillales	Staphylococcaceae	Staphylococcus	Staphylococcus equorum
194384 Blautia producta	Bacteria	Firmicutes	Clostridia	Clostridiales	Lachnospiraceae	Blautia	Blautia producta
4390336 Bacteroides fragilis	Bacteria	Bacteroidetes	Bacteroidia	Bacteroidales	Bacteroidaceae	Bacteroides	Bacteroides fragilis
186752 Dorea formicigenerans	Bacteria	Firmicutes	Clostridia	Clostridiales	Lachnospiraceae	Dorea	Dorea formicigenerans
238208 Lysinibacillus boronitolerans	Bacteria	Firmicutes	Bacilli	Bacillales	Planococcaceae	Lysinibacillus	Lysinibacillus boronitolerans
180797 Blautia obeum	Bacteria	Firmicutes	Clostridia	Clostridiales	Lachnospiraceae	Blautia	Blautia obeum
186705 Akkermansia muciniphila	Bacteria	Verrucomicrobia	Verrucomicrobiae	Verrucomicrobiales	Verrucomicrobiaceae	Akkermansia	Akkermansia muciniphila
961722 Propionibacterium acnes	Bacteria	Actinobacteria	Actinobacteria	Actinomycetales	Propionibacteriaceae	Propionibacterium	Propionibacterium acnes
189403 [Ruminococcus] gnavus	Bacteria	Firmicutes	Clostridia	Clostridiales	Lachnospiraceae	[Ruminococcus]	[Ruminococcus] gnavus
3694686 Parabacteroides distasonis	Bacteria	Bacteroidetes	Bacteroidia	Bacteroidales	Porphyromonadaceae	Parabacteroides	Parabacteroides distasonis
3998428 Propionibacterium acnes	Bacteria	Actinobacteria	Actinobacteria	Actinomycetales	Propionibacteriaceae	Propionibacterium	Propionibacterium acnes
1110606 Collinsella aerofaciens	Bacteria	Actinobacteria	Coriobacteriia	Coriobacteriales	Coriobacteriaceae	Collinsella	Collinsella aerofaciens
262193 Brachymonas denitrificans	Bacteria	Proteobacteria	Betaproteobacteria	Burkholderiales	Comamonadaceae	Brachymonas	Brachymonas denitrificans
262540 Bosea genosp.	Bacteria	Proteobacteria	Alphaproteobacteria	Rhizobiales	Bradyrhizobiaceae	Bosea	Bosea genosp.
307541 Bacteroides plebeius	Bacteria	Bacteroidetes	Bacteroidia	Bacteroidales	Bacteroidaceae	Bacteroides	Bacteroides plebeius
319238 Bradyrhizobium elkanii	Bacteria	Proteobacteria	Alphaproteobacteria	Rhizobiales	Bradyrhizobiaceae	Bradyrhizobium	Bradyrhizobium elkanii
334742 Bacillus muralis	Bacteria	Firmicutes	Bacilli	Bacillales	Bacillaceae	Bacillus	Bacillus muralis
197072 Bacteroides uniformis	Bacteria	Bacteroidetes	Bacteroidia	Bacteroidales	Bacteroidaceae	Bacteroides	Bacteroides uniformis
143665 Pseudomonas nitroreducens	Bacteria	Proteobacteria	Gammaproteobacteria	Pseudomonadales	Pseudomonadaceae	Pseudomonas	Pseudomonas nitroreducens
188369 Pseudomonas stutzeri	Bacteria	Proteobacteria	Gammaproteobacteria	Pseudomonadales	Pseudomonadaceae	Pseudomonas	Pseudomonas stutzeri
332301 Tatumella morbirosei	Bacteria	Proteobacteria	Gammaproteobacteria	Enterobacteriales	Enterobacteriaceae	Tatumella	Tatumella morbirosei
180959 Bacillus flexus	Bacteria	Firmicutes	Bacilli	Bacillales	Bacillaceae	Bacillus	Bacillus flexus
269890 Desulfovibrio D168	Bacteria	Proteobacteria	Deltaproteobacteria	Desulfovibrionales	Desulfovibrionaceae	Desulfovibrio	Desulfovibrio D168
356625 Prevotella copri	Bacteria	Bacteroidetes	Bacteroidia	Bacteroidales	Prevotellaceae	Prevotella	Prevotella copri
1715972 Millettia pinnata	Bacteria	Proteobacteria	Alphaproteobacteria	Rickettsiales	mitochondria	Millettia	Millettia pinnata
335523 Bacteroides ovatus	Bacteria	Bacteroidetes	Bacteroidia	Bacteroidales	Bacteroidaceae	Bacteroides	Bacteroides ovatus
179463 Streptomyces lanatus	Bacteria	Actinobacteria	Actinobacteria	Actinomycetales	Streptomycetaceae	Streptomyces	Streptomyces lanatus
275708 Pseudomonas veronii	Bacteria	Proteobacteria	Gammaproteobacteria	Pseudomonadales	Pseudomonadaceae	Pseudomonas	Pseudomonas veronii
179340 Blautia producta	Bacteria	Firmicutes	Clostridia	Clostridiales	Lachnospiraceae	Blautia	Blautia producta
329660 Lactobacillus reuteri	Bacteria	Firmicutes	Bacilli	Lactobacillales	Lactobacillaceae	Lactobacillus	Lactobacillus reuteri
391286 Stenotrophomonas maltophilia	Bacteria	Proteobacteria	Gammaproteobacteria	Xanthomonadales	Xanthomonadaceae	Stenotrophomonas	Stenotrophomonas maltophilia
182631 [Ruminococcus] gnavus	Bacteria	Firmicutes	Clostridia	Clostridiales	Lachnospiraceae	[Ruminococcus]	[Ruminococcus] gnavus
304047 Bacteroides acidifaciens	Bacteria	Bacteroidetes	Bacteroidia	Bacteroidales	Bacteroidaceae	Bacteroides	Bacteroides acidifaciens
177016 Collinsella aerofaciens	Bacteria	Actinobacteria	Coriobacteriia	Coriobacteriales	Coriobacteriaceae	Collinsella	Collinsella aerofaciens
888219 Sphingomonas wittichii	Bacteria	Proteobacteria	Alphaproteobacteria	Sphingomonadales	Sphingomonadaceae	Sphingomonas	Sphingomonas wittichii
270081 [Ruminococcus] gnavus	Bacteria	Firmicutes	Clostridia	Clostridiales	Lachnospiraceae	[Ruminococcus]	[Ruminococcus] gnavus
193014 Phormidium priestleyi	Bacteria	Cyanobacteria	Synechococcophycideae	Pseudanabaenales	Pseudanabaenaceae	Phormidium	Phormidium priestleyi
4419615 Lysinibacillus boronitolerans	Bacteria	Firmicutes	Bacilli	Bacillales	Planococcaceae	Lysinibacillus	Lysinibacillus boronitolerans
191097 Faecalibacterium prausnitzii	Bacteria	Firmicutes	Clostridia	Clostridiales	Ruminococcaceae	Faecalibacterium	Faecalibacterium prausnitzii
194489 Pseudomonas pseudoalcaligenes	Bacteria	Proteobacteria	Gammaproteobacteria	Pseudomonadales	Pseudomonadaceae	Pseudomonas	Pseudomonas pseudoalcaligenes
275268 Brachymonas denitrificans	Bacteria	Proteobacteria	Betaproteobacteria	Burkholderiales	Comamonadaceae	Brachymonas	Brachymonas denitrificans
264063 Streptomyces aureofaciens	Bacteria	Actinobacteria	Actinobacteria	Actinomycetales	Streptomycetaceae	Streptomyces	Streptomyces aureofaciens
163130 Bacillus aurantiacus	Bacteria	Firmicutes	Bacilli	Bacillales	Bacillaceae	Bacillus	Bacillus aurantiacus
582190 Paracoccus aminovorans	Bacteria	Proteobacteria	Alphaproteobacteria	Rhodobacterales	Rhodobacteraceae	Paracoccus	Paracoccus aminovorans
211372 Bacteroides ovatus	Bacteria	Bacteroidetes	Bacteroidia	Bacteroidales	Bacteroidaceae	Bacteroides	Bacteroides ovatus
4367060 Enterococcus casseliflavus	Bacteria	Firmicutes	Bacilli	Lactobacillales	Enterococcaceae	Enterococcus	Enterococcus casseliflavus
185441 [Ruminococcus] gnavus	Bacteria	Firmicutes	Clostridia	Clostridiales	Lachnospiraceae	[Ruminococcus]	[Ruminococcus] gnavus
258711 [Ruminococcus] gnavus	Bacteria	Firmicutes	Clostridia	Clostridiales	Lachnospiraceae	[Ruminococcus]	[Ruminococcus] gnavus
308116 Bacteroides eggerthii	Bacteria	Bacteroidetes	Bacteroidia	Bacteroidales	Bacteroidaceae	Bacteroides	Bacteroides eggerthii
594044 Bifidobacterium longum	Bacteria	Actinobacteria	Actinobacteria	Bifidobacteriales	Bifidobacteriaceae	Bifidobacterium	Bifidobacterium longum
3055791 Stenotrophomonas panacihumi	Bacteria	Proteobacteria	Gammaproteobacteria	Xanthomonadales	Xanthomonadaceae	Stenotrophomonas	Stenotrophomonas panacihumi
1105663 Prauserella rugosa	Bacteria	Actinobacteria	Actinobacteria	Actinomycetales	Pseudonocardiaceae	Prauserella	Prauserella rugosa
435754 Propionibacterium acnes	Bacteria	Actinobacteria	Actinobacteria	Actinomycetales	Propionibacteriaceae	Propionibacterium	Propionibacterium acnes
183088 Collinsella aerofaciens	Bacteria	Actinobacteria	Coriobacteriia	Coriobacteriales	Coriobacteriaceae	Collinsella	Collinsella aerofaciens
363436 [Ruminococcus] gnavus	Bacteria	Firmicutes	Clostridia	Clostridiales	Lachnospiraceae	[Ruminococcus]	[Ruminococcus] gnavus
333684 Lactobacillus reuteri	Bacteria	Firmicutes	Bacilli	Lactobacillales	Lactobacillaceae	Lactobacillus	Lactobacillus reuteri
356655 Lactobacillus plantarum	Bacteria	Firmicutes	Bacilli	Lactobacillales	Lactobacillaceae	Lactobacillus	Lactobacillus plantarum
411486 Lactobacillus reuteri	Bacteria	Firmicutes	Bacilli	Lactobacillales	Lactobacillaceae	Lactobacillus	Lactobacillus reuteri
321972 Bacteroides acidifaciens	Bacteria	Bacteroidetes	Bacteroidia	Bacteroidales	Bacteroidaceae	Bacteroides	Bacteroides acidifaciens
2797563 [Ruminococcus] gnavus	Bacteria	Firmicutes	Clostridia	Clostridiales	Lachnospiraceae	[Ruminococcus]	[Ruminococcus] gnavus
265983 Brachymonas chironomi	Bacteria	Proteobacteria	Betaproteobacteria	Burkholderiales	Comamonadaceae	Brachymonas	Brachymonas chironomi
307376 [Ruminococcus] gnavus	Bacteria	Firmicutes	Clostridia	Clostridiales	Lachnospiraceae	[Ruminococcus]	[Ruminococcus] gnavus
310746 Bradyrhizobium elkanii	Bacteria	Proteobacteria	Alphaproteobacteria	Rhizobiales	Bradyrhizobiaceae	Bradyrhizobium	Bradyrhizobium elkanii
1131768 Carboxydothermus siderophilus	Bacteria	Firmicutes	Clostridia	Thermoanaerobacterales	Thermoanaerobacteraceae	Carboxydothermus	Carboxydothermus siderophilus
293077 Akkermansia muciniphila	Bacteria	Verrucomicrobia	Verrucomicrobiae	Verrucomicrobiales	Verrucomicrobiaceae	Akkermansia	Akkermansia muciniphila
4337223 Bacteroides ovatus	Bacteria	Bacteroidetes	Bacteroidia	Bacteroidales	Bacteroidaceae	Bacteroides	Bacteroides ovatus
4345272 Capnocytophaga ochracea	Bacteria	Bacteroidetes	Flavobacteriia	Flavobacteriales	Flavobacteriaceae	Capnocytophaga	Capnocytophaga ochracea
325729 Bacteroides acidifaciens	Bacteria	Bacteroidetes	Bacteroidia	Bacteroidales	Bacteroidaceae	Bacteroides	Bacteroides acidifaciens
270758 [Ruminococcus] gnavus	Bacteria	Firmicutes	Clostridia	Clostridiales	Lachnospiraceae	[Ruminococcus]	[Ruminococcus] gnavus
195385 [Ruminococcus] gnavus	Bacteria	Firmicutes	Clostridia	Clostridiales	Lachnospiraceae	[Ruminococcus]	[Ruminococcus] gnavus
4115286 Bifidobacterium pseudolongum	Bacteria	Actinobacteria	Actinobacteria	Bifidobacteriales	Bifidobacteriaceae	Bifidobacterium	Bifidobacterium pseudolongum
275651 Luteimonas mephitis	Bacteria	Proteobacteria	Gammaproteobacteria	Xanthomonadales	Xanthomonadaceae	Luteimonas	Luteimonas mephitis
519290 Bifidobacterium pseudolongum	Bacteria	Actinobacteria	Actinobacteria	Bifidobacteriales	Bifidobacteriaceae	Bifidobacterium	Bifidobacterium pseudolongum
4366577 Brevibacillus reuszeri	Bacteria	Firmicutes	Bacilli	Bacillales	Paenibacillaceae	Brevibacillus	Brevibacillus reuszeri
365331 Akkermansia muciniphila	Bacteria	Verrucomicrobia	Verrucomicrobiae	Verrucomicrobiales	Verrucomicrobiaceae	Akkermansia	Akkermansia muciniphila
273766 Veillonella parvula	Bacteria	Firmicutes	Clostridia	Clostridiales	Veillonellaceae	Veillonella	Veillonella parvula
320841 Bacteroides acidifaciens	Bacteria	Bacteroidetes	Bacteroidia	Bacteroidales	Bacteroidaceae	Bacteroides	Bacteroides acidifaciens
345038 Helicobacter equorum	Bacteria	Proteobacteria	Epsilonproteobacteria	Campylobacterales	Helicobacteraceae	Helicobacter	Helicobacter equorum
176153 Faecalibacterium prausnitzii	Bacteria	Firmicutes	Clostridia	Clostridiales	Ruminococcaceae	Faecalibacterium	Faecalibacterium prausnitzii
953256 Nocardioides plantarum	Bacteria	Actinobacteria	Actinobacteria	Actinomycetales	Nocardioidaceae	Nocardioides	Nocardioides plantarum
132913 Skermania piniformis	Bacteria	Actinobacteria	Actinobacteria	Actinomycetales	Nocardiaceae	Skermania	Skermania piniformis
208739 Faecalibacterium prausnitzii	Bacteria	Firmicutes	Clostridia	Clostridiales	Ruminococcaceae	Faecalibacterium	Faecalibacterium prausnitzii
1125725 Pseudoxanthomonas kalamensis	Bacteria	Proteobacteria	Gammaproteobacteria	Xanthomonadales	Xanthomonadaceae	Pseudoxanthomonas	Pseudoxanthomonas kalamensis
175791 Faecalibacterium prausnitzii	Bacteria	Firmicutes	Clostridia	Clostridiales	Ruminococcaceae	Faecalibacterium	Faecalibacterium prausnitzii
263524 Ruminococcus flavefaciens	Bacteria	Firmicutes	Clostridia	Clostridiales	Ruminococcaceae	Ruminococcus	Ruminococcus flavefaciens
322737 Lactobacillus agilis	Bacteria	Firmicutes	Bacilli	Lactobacillales	Lactobacillaceae	Lactobacillus	Lactobacillus agilis
192800 Faecalibacterium prausnitzii	Bacteria	Firmicutes	Clostridia	Clostridiales	Ruminococcaceae	Faecalibacterium	Faecalibacterium prausnitzii
439423 Stenotrophomonas geniculata	Bacteria	Proteobacteria	Gammaproteobacteria	Xanthomonadales	Xanthomonadaceae	Stenotrophomonas	Stenotrophomonas geniculata
289622 Clostridium perfringens	Bacteria	Firmicutes	Clostridia	Clostridiales	Clostridiaceae	Clostridium	Clostridium perfringens
262537 [Ruminococcus] gnavus	Bacteria	Firmicutes	Clostridia	Clostridiales	Lachnospiraceae	[Ruminococcus]	[Ruminococcus] gnavus
4379248 Lactobacillus acidipiscis	Bacteria	Firmicutes	Bacilli	Lactobacillales	Lactobacillaceae	Lactobacillus	Lactobacillus acidipiscis
756221 Lactobacillus vaginalis	Bacteria	Firmicutes	Bacilli	Lactobacillales	Lactobacillaceae	Lactobacillus	Lactobacillus vaginalis
267730 Sulfuricurvum kujiense	Bacteria	Proteobacteria	Epsilonproteobacteria	Campylobacterales	Helicobacteraceae	Sulfuricurvum	Sulfuricurvum kujiense
273179 [Ruminococcus] gnavus	Bacteria	Firmicutes	Clostridia	Clostridiales	Lachnospiraceae	[Ruminococcus]	[Ruminococcus] gnavus
311173 Helicobacter pullorum	Bacteria	Proteobacteria	Epsilonproteobacteria	Campylobacterales	Helicobacteraceae	Helicobacter	Helicobacter pullorum
305992 Carnobacterium viridans	Bacteria	Firmicutes	Bacilli	Lactobacillales	Carnobacteriaceae	Carnobacterium	Carnobacterium viridans
1107026 Streptomyces werraensis	Bacteria	Actinobacteria	Actinobacteria	Actinomycetales	Streptomycetaceae	Streptomyces	Streptomyces werraensis
339350 Clostridium hiranonis	Bacteria	Firmicutes	Clostridia	Clostridiales	Clostridiaceae	Clostridium	Clostridium hiranonis
190675 Faecalibacterium prausnitzii	Bacteria	Firmicutes	Clostridia	Clostridiales	Ruminococcaceae	Faecalibacterium	Faecalibacterium prausnitzii
4329220 Kosmotoga mrcj	Bacteria	Thermotogae	Thermotogae	Thermotogales	Thermotogaceae	Kosmotoga	Kosmotoga mrcj
272907 [Ruminococcus] gnavus	Bacteria	Firmicutes	Clostridia	Clostridiales	Lachnospiraceae	[Ruminococcus]	[Ruminococcus] gnavus
327852 Lactobacillus reuteri	Bacteria	Firmicutes	Bacilli	Lactobacillales	Lactobacillaceae	Lactobacillus	Lactobacillus reuteri
4462747 Rothia aeria	Bacteria	Actinobacteria	Actinobacteria	Actinomycetales	Micrococcaceae	Rothia	Rothia aeria
215083 Herminiimonas arsenicoxydans	Bacteria	Proteobacteria	Betaproteobacteria	Burkholderiales	Oxalobacteraceae	Herminiimonas	Herminiimonas arsenicoxydans
4356342 [Ruminococcus] gnavus	Bacteria	Firmicutes	Clostridia	Clostridiales	Lachnospiraceae	[Ruminococcus]	[Ruminococcus] gnavus
312048 Faecalibacterium prausnitzii	Bacteria	Firmicutes	Clostridia	Clostridiales	Ruminococcaceae	Faecalibacterium	Faecalibacterium prausnitzii
164719 [Ruminococcus] gnavus	Bacteria	Firmicutes	Clostridia	Clostridiales	Lachnospiraceae	[Ruminococcus]	[Ruminococcus] gnavus
356568 Methylotenera mobilis	Bacteria	Proteobacteria	Betaproteobacteria	Methylophilales	Methylophilaceae	Methylotenera	Methylotenera mobilis
173827 Salinispora arenicola	Bacteria	Actinobacteria	Actinobacteria	Actinomycetales	Micromonosporaceae	Salinispora	Salinispora arenicola
277184 [Ruminococcus] gnavus	Bacteria	Firmicutes	Clostridia	Clostridiales	Lachnospiraceae	[Ruminococcus]	[Ruminococcus] gnavus
277223 Pseudomonas viridiflava	Bacteria	Proteobacteria	Gammaproteobacteria	Pseudomonadales	Pseudomonadaceae	Pseudomonas	Pseudomonas viridiflava
267105 [Ruminococcus] gnavus	Bacteria	Firmicutes	Clostridia	Clostridiales	Lachnospiraceae	[Ruminococcus]	[Ruminococcus] gnavus
276941 [Ruminococcus] gnavus	Bacteria	Firmicutes	Clostridia	Clostridiales	Lachnospiraceae	[Ruminococcus]	[Ruminococcus] gnavus
4424252 Parabacteroides distasonis	Bacteria	Bacteroidetes	Bacteroidia	Bacteroidales	Porphyromonadaceae	Parabacteroides	Parabacteroides distasonis
990071 Staphylococcus aureus	Bacteria	Firmicutes	Bacilli	Bacillales	Staphylococcaceae	Staphylococcus	Staphylococcus aureus
4364241 [Ruminococcus] gnavus	Bacteria	Firmicutes	Clostridia	Clostridiales	Lachnospiraceae	[Ruminococcus]	[Ruminococcus] gnavus
211478 Faecalibacterium prausnitzii	Bacteria	Firmicutes	Clostridia	Clostridiales	Ruminococcaceae	Faecalibacterium	Faecalibacterium prausnitzii
272593 [Ruminococcus] gnavus	Bacteria	Firmicutes	Clostridia	Clostridiales	Lachnospiraceae	[Ruminococcus]	[Ruminococcus] gnavus
273647 Gluconacetobacter rhaeticus	Bacteria	Proteobacteria	Alphaproteobacteria	Rhodospirillales	Acetobacteraceae	Gluconacetobacter	Gluconacetobacter rhaeticus
191258 Akkermansia muciniphila	Bacteria	Verrucomicrobia	Verrucomicrobiae	Verrucomicrobiales	Verrucomicrobiaceae	Akkermansia	Akkermansia muciniphila
335167 Bacteroides acidifaciens	Bacteria	Bacteroidetes	Bacteroidia	Bacteroidales	Bacteroidaceae	Bacteroides	Bacteroides acidifaciens
197763 Prevotella copri	Bacteria	Bacteroidetes	Bacteroidia	Bacteroidales	Prevotellaceae	Prevotella	Prevotella copri
1127637 Haererehalobacter salaria	Bacteria	Proteobacteria	Gammaproteobacteria	Oceanospirillales	Halomonadaceae	Haererehalobacter	Haererehalobacter salaria
174439 Faecalibacterium prausnitzii	Bacteria	Firmicutes	Clostridia	Clostridiales	Ruminococcaceae	Faecalibacterium	Faecalibacterium prausnitzii
190698 Faecalibacterium prausnitzii	Bacteria	Firmicutes	Clostridia	Clostridiales	Ruminococcaceae	Faecalibacterium	Faecalibacterium prausnitzii
4454062 Escherichia coli	Bacteria	Proteobacteria	Gammaproteobacteria	Enterobacteriales	Enterobacteriaceae	Escherichia	Escherichia coli
182886 Bacteroides uniformis	Bacteria	Bacteroidetes	Bacteroidia	Bacteroidales	Bacteroidaceae	Bacteroides	Bacteroides uniformis
272189 Pseudomonas viridiflava	Bacteria	Proteobacteria	Gammaproteobacteria	Pseudomonadales	Pseudomonadaceae	Pseudomonas	Pseudomonas viridiflava
4455063 Haererehalobacter salaria	Bacteria	Proteobacteria	Gammaproteobacteria	Oceanospirillales	Halomonadaceae	Haererehalobacter	Haererehalobacter salaria
177620 Ruminococcus albus	Bacteria	Firmicutes	Clostridia	Clostridiales	Ruminococcaceae	Ruminococcus	Ruminococcus albus
210398 Leptospirillum ferrodiazotrophum	Bacteria	Nitrospirae	Nitrospira	Nitrospirales	[Leptospirillaceae]	Leptospirillum	Leptospirillum ferrodiazotrophum
199702 Faecalibacterium prausnitzii	Bacteria	Firmicutes	Clostridia	Clostridiales	Ruminococcaceae	Faecalibacterium	Faecalibacterium prausnitzii
729112 Sphingomonas wittichii	Bacteria	Proteobacteria	Alphaproteobacteria	Sphingomonadales	Sphingomonadaceae	Sphingomonas	Sphingomonas wittichii
981108 Veillonella dispar	Bacteria	Firmicutes	Clostridia	Clostridiales	Veillonellaceae	Veillonella	Veillonella dispar
199597 Paenibacillus amylolyticus	Bacteria	Firmicutes	Bacilli	Bacillales	Paenibacillaceae	Paenibacillus	Paenibacillus amylolyticus
855573 Staphylococcus aureus	Bacteria	Firmicutes	Bacilli	Bacillales	Staphylococcaceae	Staphylococcus	Staphylococcus aureus
15281 Enterococcus sulfureus	Bacteria	Firmicutes	Bacilli	Lactobacillales	Enterococcaceae	Enterococcus	Enterococcus sulfureus
197780 Pseudomonas veronii	Bacteria	Proteobacteria	Gammaproteobacteria	Pseudomonadales	Pseudomonadaceae	Pseudomonas	Pseudomonas veronii
512129 Clostridium bowmanii	Bacteria	Firmicutes	Clostridia	Clostridiales	Clostridiaceae	Clostridium	Clostridium bowmanii
383971 [Ruminococcus] gnavus	Bacteria	Firmicutes	Clostridia	Clostridiales	Lachnospiraceae	[Ruminococcus]	[Ruminococcus] gnavus
4422548 Serratia plymuthica	Bacteria	Proteobacteria	Gammaproteobacteria	Enterobacteriales	Enterobacteriaceae	Serratia	Serratia plymuthica
197361 Faecalibacterium prausnitzii	Bacteria	Firmicutes	Clostridia	Clostridiales	Ruminococcaceae	Faecalibacterium	Faecalibacterium prausnitzii
340716 Vibrio splendidus	Bacteria	Proteobacteria	Gammaproteobacteria	Vibrionales	Vibrionaceae	Vibrio	Vibrio splendidus
196014 Collinsella aerofaciens	Bacteria	Actinobacteria	Coriobacteriia	Coriobacteriales	Coriobacteriaceae	Collinsella	Collinsella aerofaciens
352445 [Ruminococcus] gnavus	Bacteria	Firmicutes	Clostridia	Clostridiales	Lachnospiraceae	[Ruminococcus]	[Ruminococcus] gnavus
820749 Haemophilus parasuis	Bacteria	Proteobacteria	Gammaproteobacteria	Pasteurellales	Pasteurellaceae	Haemophilus	Haemophilus parasuis
187703 [Ruminococcus] gnavus	Bacteria	Firmicutes	Clostridia	Clostridiales	Lachnospiraceae	[Ruminococcus]	[Ruminococcus] gnavus
4458958 Anoxybacillus kestanbolensis	Bacteria	Firmicutes	Bacilli	Bacillales	Bacillaceae	Anoxybacillus	Anoxybacillus kestanbolensis
320373 [Ruminococcus] gnavus	Bacteria	Firmicutes	Clostridia	Clostridiales	Lachnospiraceae	[Ruminococcus]	[Ruminococcus] gnavus
270202 Muricola jejuensis	Bacteria	Bacteroidetes	Flavobacteriia	Flavobacteriales	Flavobacteriaceae	Muricola	Muricola jejuensis
1664540 Pseudoalteromonas porphyrae	Bacteria	Proteobacteria	Gammaproteobacteria	Vibrionales	Pseudoalteromonadaceae	Pseudoalteromonas	Pseudoalteromonas porphyrae
174337 Akkermansia muciniphila	Bacteria	Verrucomicrobia	Verrucomicrobiae	Verrucomicrobiales	Verrucomicrobiaceae	Akkermansia	Akkermansia muciniphila
277484 Flavobacterium succinicans	Bacteria	Bacteroidetes	Flavobacteriia	Flavobacteriales	Flavobacteriaceae	Flavobacterium	Flavobacterium succinicans
260088 [Ruminococcus] gnavus	Bacteria	Firmicutes	Clostridia	Clostridiales	Lachnospiraceae	[Ruminococcus]	[Ruminococcus] gnavus
206290 Brevibacillus reuszeri	Bacteria	Firmicutes	Bacilli	Bacillales	Paenibacillaceae	Brevibacillus	Brevibacillus reuszeri
323619 Prevotella copri	Bacteria	Bacteroidetes	Bacteroidia	Bacteroidales	Prevotellaceae	Prevotella	Prevotella copri
276272 Serratia marcescens	Bacteria	Proteobacteria	Gammaproteobacteria	Enterobacteriales	Enterobacteriaceae	Serratia	Serratia marcescens
14030 [Ruminococcus] gnavus	Bacteria	Firmicutes	Clostridia	Clostridiales	Lachnospiraceae	[Ruminococcus]	[Ruminococcus] gnavus
4407193 Faecalibacterium prausnitzii	Bacteria	Firmicutes	Clostridia	Clostridiales	Ruminococcaceae	Faecalibacterium	Faecalibacterium prausnitzii
460937 Macrococcus caseolyticus	Bacteria	Firmicutes	Bacilli	Bacillales	Staphylococcaceae	Macrococcus	Macrococcus caseolyticus
289983 Prevotella copri	Bacteria	Bacteroidetes	Bacteroidia	Bacteroidales	Prevotellaceae	Prevotella	Prevotella copri
3606814 Cocculus trilobus	Bacteria	Proteobacteria	Alphaproteobacteria	Rickettsiales	mitochondria	Cocculus	Cocculus trilobus
4381677 Desulfosporosinus meridiei	Bacteria	Firmicutes	Clostridia	Clostridiales	Peptococcaceae	Desulfosporosinus	Desulfosporosinus meridiei
2316721 Anoxybacillus kestanbolensis	Bacteria	Firmicutes	Bacilli	Bacillales	Bacillaceae	Anoxybacillus	Anoxybacillus kestanbolensis
758055 Bifidobacterium longum	Bacteria	Actinobacteria	Actinobacteria	Bifidobacteriales	Bifidobacteriaceae	Bifidobacterium	Bifidobacterium longum
270763 Pseudomonas viridiflava	Bacteria	Proteobacteria	Gammaproteobacteria	Pseudomonadales	Pseudomonadaceae	Pseudomonas	Pseudomonas viridiflava
273413 [Ruminococcus] gnavus	Bacteria	Firmicutes	Clostridia	Clostridiales	Lachnospiraceae	[Ruminococcus]	[Ruminococcus] gnavus
430096 Acinetobacter johnsonii	Bacteria	Proteobacteria	Gammaproteobacteria	Pseudomonadales	Moraxellaceae	Acinetobacter	Acinetobacter johnsonii
318182 [Ruminococcus] gnavus	Bacteria	Firmicutes	Clostridia	Clostridiales	Lachnospiraceae	[Ruminococcus]	[Ruminococcus] gnavus
268061 Sphingobacterium multivorum	Bacteria	Bacteroidetes	Sphingobacteriia	Sphingobacteriales	Sphingobacteriaceae	Sphingobacterium	Sphingobacterium multivorum
263327 [Ruminococcus] gnavus	Bacteria	Firmicutes	Clostridia	Clostridiales	Lachnospiraceae	[Ruminococcus]	[Ruminococcus] gnavus
323557 Faecalibacterium prausnitzii	Bacteria	Firmicutes	Clostridia	Clostridiales	Ruminococcaceae	Faecalibacterium	Faecalibacterium prausnitzii
195877 Alcanivorax dieselolei	Bacteria	Proteobacteria	Gammaproteobacteria	Oceanospirillales	Alcanivoracaceae	Alcanivorax	Alcanivorax dieselolei
322094 Acinetobacter johnsonii	Bacteria	Proteobacteria	Gammaproteobacteria	Pseudomonadales	Moraxellaceae	Acinetobacter	Acinetobacter johnsonii
1918929 Zea luxurians	Bacteria	Proteobacteria	Alphaproteobacteria	Rickettsiales	mitochondria	Zea	Zea luxurians
4432853 Faecalibacterium prausnitzii	Bacteria	Firmicutes	Clostridia	Clostridiales	Ruminococcaceae	Faecalibacterium	Faecalibacterium prausnitzii
198589 Bacillus halodurans	Bacteria	Firmicutes	Bacilli	Bacillales	Bacillaceae	Bacillus	Bacillus halodurans
185338 [Ruminococcus] gnavus	Bacteria	Firmicutes	Clostridia	Clostridiales	Lachnospiraceae	[Ruminococcus]	[Ruminococcus] gnavus
